{
    "list:Search": {
        "version": 1,
        "scroll": ".layout-list",
        "intro": "LBL_MOBILE_TUTORIAL_HOME_INTRO",
        "content":[
            {
                "name": ".logo",
                "text": "LBL_MOBILE_TUTORIAL_HOME_LOGO"
            },
            {
                "name": ".createBtn",
                "text": "LBL_MOBILE_TUTORIAL_HOME_CREATE",
                "horizAdj": -3
            },
            {
                "name": ".search-query",
                "text": "LBL_MOBILE_TUTORIAL_HOME_SEARCH",
                "vertAdj": -5
            },
            {
                "name": ".favorites-btn",
                "text": "LBL_MOBILE_TUTORIAL_HOME_FAVORITES_BTN",
                "vertAdj": -5,
                "horizAdj": -5
            },
            {
                "name": ".my-items-btn",
                "text": "LBL_MOBILE_TUTORIAL_HOME_MY_ITEMS_BTN",
                "vertAdj": -5,
                "horizAdj": -5
            },
            {
                "name": "article .favorite-icon",
                "text": "LBL_MOBILE_TUTORIAL_HOME_FAVORITES_ICON",
                "horizAdj": -3,
                "vertAdj": -3
            },
            {
                "name": ".grip",
                "text": "LBL_MOBILE_TUTORIAL_HOME_GRIP",
                "horizAdj": -5,
                "vertAdj": 10
            },
            {
                "text": "LBL_MOBILE_TUTORIAL_HOME_END"
            }
        ]
    },
    "home-menu": {
        "version": 1,
        "scroll": "#moduleList.nav",
        "content":[
            {
                "tablet": true,
                "directionEl": "#menu-left ul.nav",
                "textFormatClass": "tutorial-format",
                "textTitle": "LBL_MOBILE_TUTORIAL_HOME_MENU_INTRO_TITLE",
                "text": "LBL_MOBILE_TUTORIAL_HOME_MENU_INTRO_TEXT",
                "textAdditional": "LBL_MOBILE_TUTORIAL_CONTROL_PANEL"
            },
            {
                "mobile": true,
                "text": "LBL_MOBILE_TUTORIAL_HOME_MENU_INTRO"
            },
            {
                "name": "#me",
                "text": "LBL_MOBILE_TUTORIAL_HOME_MENU_PROFILE",
                "horizAdj": 3
            },
            {
                "name": ".logo",
                "text": "LBL_MOBILE_TUTORIAL_HOME_MENU_LOGO"
            },
            {
                "name": "a[href^='#Dashboard']",
                "text": "LBL_MOBILE_TUTORIAL_HOME_MENU_DASHBOARD",
                "vertAdj": -3,
                "horizAdj": 3
            },
            {
                "name": "#globalSearch-link",
                "text": "LBL_MOBILE_TUTORIAL_HOME_MENU_SEARCH",
                "vertAdj": -3,
                "horizAdj": 3
            },
            {
                "name": "#recents-link",
                "text": "LBL_MOBILE_TUTORIAL_HOME_MENU_RECENTS",
                "vertAdj": -3,
                "horizAdj": 3
            },
            {
                "name": "#activities-link",
                "text": "LBL_MOBILE_TUTORIAL_HOME_MENU_ACTIVITIES",
                "vertAdj": -3,
                "horizAdj": 3
            },
            {
                "name": "#moduleItems",
                "text": "LBL_MOBILE_TUTORIAL_HOME_MENU_MODULES",
                "vertAdj": 5,
                "horizAdj": 3
            },
            {
                "name": "a[data-action='tour']",
                "text": "LBL_MOBILE_TUTORIAL_HOME_MENU_TOUR",
                "vertAdj": -3,
                "horizAdj": 3
            },
            {
                "name": "#settings-link",
                "text": "LBL_MOBILE_TUTORIAL_HOME_MENU_SETTINGS",
                "vertAdj": -3,
                "horizAdj": 3
            },
            {
                "name": "#offline-link",
                "text": "LBL_MOBILE_TUTORIAL_HOME_MENU_OFFLINE",
                "vertAdj": -3,
                "horizAdj": 3
            },
            {
                "name": "#desktop",
                "text": "LBL_MOBILE_TUTORIAL_HOME_MENU_DESKTOP",
                "vertAdj": -3,
                "horizAdj": 3
            }
        ]
    },
    "detail~TxLog~Dashboards": {
        "version": 1,
        "scroll": ".card",
        "content": [
            {
                "tablet": true,
                "directionEl": ".bizcard",
                "textFormatClass": "tutorial-format",
                "textTitle": "LBL_MOBILE_TUTORIAL_DETAIL_INTRO_TITLE",
                "text": "LBL_MOBILE_TUTORIAL_DETAIL_INTRO_TEXT",
                "textAdditional": "LBL_MOBILE_TUTORIAL_CONTROL_PANEL"
            },
            {
                "mobile": true,
                "text": "LBL_MOBILE_TUTORIAL_DETAIL_INTRO"
            },
            {
                "mobile": true,
                "name": ".backBtn",
                "text": "LBL_MOBILE_TUTORIAL_DETAIL_BACK"
            },
            {
                "tablet": true,
                "name": ".backBtn",
                "text": "LBL_MOBILE_TUTORIAL_DETAIL_BACK_TABLET"
            },

            {
                "name": ".bizcard .icon-chevron-right",
                "text": "LBL_MOBILE_TUTORIAL_DETAIL_RIGHT_ACTION",
                "vertAdj": -1,
                "horizAdj": -6
            },
            {
                "name": ".relate-link",
                "text": "LBL_MOBILE_TUTORIAL_DETAIL_RELATE_LINK",
                "vertAdj": -6,
                "horizAdj": -8
            },
            {
                "name": ".follow-label",
                "text": "LBL_MOBILE_TUTORIAL_DETAIL_FOLLOW",
                "vertAdj": -3,
                "horizAdj": 4

            },
            {
                "name": ".show-more",
                "text": "LBL_MOBILE_TUTORIAL_DETAIL_SHOW_MORE",
                "vertAdj": -11,
                "horizAdj": 3
            },
            {
                "name": ".record-action a:first-child .icon",
                "text": "LBL_MOBILE_TUTORIAL_DETAIL_RECORD_ACTIONS",
                "vertAdj": -10,
                "horizAdj": -17
            }
        ]
    }

}
