{
    "app_strings": {
        "LBL_OK": "OK",
        "LBL_YES": "Oui",
        "LBL_NO": "Non",
        "LBL_CANCEL_BUTTON_LABEL": "Annuler",
        "LBL_MOBILE_RELOGIN_BUTTON": "Reconnexion",
        "LBL_MOBILE_META_SYNC_FAILED": "Impossible de se synchroniser avec le serveur.",
        "LBL_MOBILE_META_SYNC_FAILED_RETRY": "Impossible de se synchroniser avec le serveur.Réessayer?",
        "LBL_LOADING": "Chargement en cours...",
        "LBL_WARNING": "Avertissement",
        "LBL_CONFIRM": "Confirmer",
        "LNK_ABOUT": "À propos",
        "LBL_MOBILE_APP_VERSION": "Version de l'application",
        "LBL_MOBILE_SERVER_VERSION": "Version du serveur",
        "LBL_MOBILE_SERVER_URL": "URL du serveur",
        "LBL_MOBILE_FEEDBACK": "Rétroaction",
        "LBL_MOBILE_SUPPORT": "Assistance",
        "LBL_COPYRIGHT": "Copyright &copy; 2004-2013 SugarCRM Inc. Tous droits réservés.",
        "LBL_TRADEMARK": "SugarCRM est une marque de commerce de SugarCRM, Inc. Tous les autres noms de société ou de produit son des marques de commerce de leur propriétaire respectif.",
        "LBL_TRADEMARK2": "SugarCRM &reg;, Sugar Enterprise&trade; et Sugar&trade; sont des marques de commerce de SugarCRM Inc.",
        "LBL_LOGIN_USERNAME": "Nom d'utilisateur",
        "LBL_LOGIN_PASSWORD": "Mot de passe",
        "LNK_TERMS_OF_USE": "Conditions d'utilisation",
        "LNK_PRIVACY_POLICY": "Politique de confidentialité",
        "LBL_LOGIN_BUTTON_TITLE": "Connexion",
        "ERR_SYNC_FAILED":"Impossible de se synchroniser avec le serveur.",
        "ERR_MOBILE_NOT_AUTHORIZED": "Accès non autorisé.",
        "ERR_MOBILE_INVALID_CREDS": "Nom d'utilisateur ou mot de passe invalide.",
        "ERR_MOBILE_SESSION_EXPIRED": "Votre session a expiré.",
        "ERR_MOBILE_NOT_FOUND": "Ressource non trouvée.",
        "ERR_MOBILE_TIMEOUT": "Le serveur ne répond pas.",
        "ERR_MOBILE_CONNECTION_FAILED": "Impossible d'atteindre le serveur.",
        "ERR_MOBILE_NOT_FOUND_LOGIN": "Aucun serveur {{{brandName}}} trouvé à l'URL fourni.",
        "ERR_MOBILE_TIMEOUT_LOGIN": "Le serveur ne répond pas à l'URL fournie.",
        "ERR_MOBILE_CONNECTION_FAILED_LOGIN": "Serveur non disponible à l'URL fournie.",
        "ERR_MOBILE_INTERNET_UNAVAILABLE": "Connexion internet indisponible.",
        "ERR_MOBILE_INTERNAL": "Erreur interne ({{{code}}}). Veuillez réessayez ultérieurement.",
        "ERR_MOBILE_VALIDATION": "Enregistrement invalide",
        "ERR_SERVER_FLAVOR_INCOMPATIBLE": "Version du serveur incompatiblec: {{{flavor}}}Versions prises en charge : {{{supportedFlavors}}}.",
        "ERR_SERVER_VERSION_INCOMPATIBLE": "Cette version du serveur est incompatible : {{{version}}}. Version minimale requise : {{{minVersion}}}.",
        "ERR_MOBILE_INCOMPATIBLE_CLIENT_VERSION": "Votre application est périmée et n'est plus compatible avec l'instance {{{brandName}}} à laquelle vous vous connectez. Voulez vous vous télécharger la nouvelle version depuis le magasin d'applications?",
        "ERR_GENERIC_TITLE": "Erreur"
    }
}
