{
    "app_strings": {
        "LBL_OK": "OK",
        "LBL_YES": "Yes",
        "LBL_NO": "No",
        "LBL_CANCEL_BUTTON_LABEL": "Cancel",
        "LBL_MOBILE_RELOGIN_BUTTON": "Re-login",
        "LBL_MOBILE_META_SYNC_FAILED": "Unable to sync with server.",
        "LBL_MOBILE_META_SYNC_FAILED_RETRY": "Unable to sync with server. Retry",
        "LBL_LOADING": "Loading...",
        "LBL_WARNING": "Warning",
        "LBL_CONFIRM": "Confirm",
        "LNK_ABOUT": "About",
        "LBL_MOBILE_APP_VERSION": "App Version",
        "LBL_MOBILE_SERVER_VERSION": "Server Version",
        "LBL_MOBILE_SERVER_URL": "Server URL",
        "LBL_MOBILE_FEEDBACK": "Feedback",
        "LBL_MOBILE_SUPPORT": "Support",
        "LBL_COPYRIGHT": "Copyright © 2004-2014 SugarCRM Inc. All Rights Reserved.",
        "LBL_TRADEMARK2": "SugarCRM ®, Sugar Enterprise¿ and Sugar¿ are trademarks of SugarCRM Inc.",
        "LBL_LOGIN_USERNAME": "Username",
        "LBL_LOGIN_PASSWORD": "Password",
        "LNK_TERMS_OF_USE": "Terms of Use",
        "LNK_PRIVACY_POLICY": "Privacy Policy",
        "LBL_LOGIN_BUTTON_TITLE": "Log In",
        "ERR_SYNC_FAILED": "Unable to sync with server",
        "ERR_MOBILE_NOT_AUTHORIZED": "Access not authorized",
        "ERR_MOBILE_INVALID_CREDS": "Invalid username or password.",
        "ERR_MOBILE_SESSION_EXPIRED": "Your session expired.",
        "ERR_MOBILE_NOT_FOUND": "Resource not found.",
        "ERR_MOBILE_TIMEOUT": "Server is not responding.",
        "ERR_MOBILE_CONNECTION_FAILED": "Can't reach the server.",
        "ERR_MOBILE_NOT_FOUND_LOGIN": "No {{{brandName}}} server found at the given URL.",
        "ERR_MOBILE_TIMEOUT_LOGIN": "Server is not responding at the given URL.",
        "ERR_MOBILE_CONNECTION_FAILED_LOGIN": "Can't reach the server.",
        "ERR_MOBILE_INTERNET_UNAVAILABLE": "Internet connection unavailable.",
        "ERR_MOBILE_INTERNAL": "Internal error ({{{code}}}). Please try again later.",
        "ERR_MOBILE_VALIDATION": "Record is invalid",
        "ERR_SERVER_FLAVOR_INCOMPATIBLE": "Incompatible server flavor: {{{flavor}}}. Supported flavors: {{{supportedFlavors}}}.",
        "ERR_SERVER_VERSION_INCOMPATIBLE": "Incompatible server version: {{{version}}}. Minimum required version: {{{minVersion}}}.",
        "ERR_MOBILE_INCOMPATIBLE_CLIENT_VERSION": "Your app is outdated and is no longer compatible with the {{{brandName}}} instance you are connecting to. Do you want to download the new version from App Store?",
        "ERR_GENERIC_TITLE": "Error"
    }
}
